TreatmentId,Repeated,ReportType,Round,CustomerId,SalespersonId,CustomerNeed,SalesInfoAdvice,CustomerDecision,CustomerBias,SalespersonBias,Gender,Age,Gametheory,Yearincollege,CountryOfBirth,Yearsinna,Workexperience
1,1 Off,IS,1,10201,10208,15,80,45,-3.4000001,-4.9000001,1,21,2,3,India,13,4
1,1 Off,IS,3,10201,10211,73,73,31,-3.4000001,0.9000001,1,21,2,3,India,13,4
1,1 Off,IS,4,10201,10202,70,71,31,-3.4000001,0,1,21,2,3,India,13,4
1,1 Off,IS,7,10201,10204,51,30,31,-3.4000001,0.79999995,1,21,2,3,India,13,4
1,1 Off,IS,8,10201,10209,11,34,31,-3.4000001,3.2,1,21,2,3,India,13,4
1,1 Off,IS,10,10201,10203,26,68,31,-3.4000001,1.7,1,21,2,3,India,13,4
1,1 Off,IS,2,10202,10206,35,48,48,0,0.5,1,19,2,2,USA,11,1
1,1 Off,IS,6,10202,10210,64,68,68,0,6.3000002,1,19,2,2,USA,11,1
1,1 Off,IS,8,10202,10207,11,35,35,0,2.2,1,19,2,2,USA,11,1
1,1 Off,IS,9,10202,10211,27,27,27,0,0.89999998,1,19,2,2,USA,11,1
1,1 Off,IS,11,10202,10212,58,54,54,0,-6.4000001,1,19,2,2,USA,11,1
1,1 Off,IS,2,10203,10209,35,35,28,1.7,3.2,1,20,2,3,India,3,0
1,1 Off,IS,5,10203,10212,44,55,38,1.7,-6.3999996,1,20,2,3,India,3,0
1,1 Off,IS,6,10203,10205,64,70,45,1.7,-4.0999999,1,20,2,3,India,3,0
1,1 Off,IS,7,10203,10202,51,51,35,1.7,0,1,20,2,3,India,3,0
1,1 Off,IS,9,10203,10204,27,20,18,1.7,0.79999995,1,20,2,3,India,3,0
1,1 Off,IS,1,10204,10209,15,65,66,0.80000001,3.2,0,23,3,5,China,2,0
1,1 Off,IS,2,10204,10207,35,45,30,0.80000001,2.2,0,23,3,5,China,2,0
1,1 Off,IS,5,10204,10210,44,50,30,0.80000001,6.3000002,0,23,3,5,China,2,0
1,1 Off,IS,6,10204,10211,64,64,50,0.80000001,0.90000004,0,23,3,5,China,2,0
1,1 Off,IS,10,10204,10202,26,26,20,0.80000001,0,0,23,3,5,China,2,0
1,1 Off,IS,11,10204,10205,58,58,60,0.80000001,-4.0999999,0,23,3,5,China,2,0
1,1 Off,IS,1,10205,10202,15,15,20,-4.0999999,0,0,20,3,3,USA,20,4
1,1 Off,IS,2,10205,10208,35,50,25,-4.0999999,-4.9000001,0,20,3,3,USA,20,4
1,1 Off,IS,4,10205,10207,70,77,40,-4.0999999,2.2,0,20,3,3,USA,20,4
1,1 Off,IS,5,10205,10201,44,61,75,-4.0999999,-3.4000001,0,20,3,3,USA,20,4
1,1 Off,IS,7,10205,10209,51,54,35,-4.0999999,3.2,0,20,3,3,USA,20,4
1,1 Off,IS,10,10205,10206,26,30,15,-4.0999999,0.5,0,20,3,3,USA,20,4
1,1 Off,IS,1,10206,10211,15,20,33,0.5,0.89999998,0,20,3,2,Vietnam,1.5,0
1,1 Off,IS,3,10206,10203,73,77,30,0.5,1.7,0,20,3,2,Vietnam,1.5,0
1,1 Off,IS,6,10206,10208,64,80,45,0.5,-4.9000001,0,20,3,2,Vietnam,1.5,0
1,1 Off,IS,8,10206,10204,11,14,20,0.5,0.79999995,0,20,3,2,Vietnam,1.5,0
1,1 Off,IS,9,10206,10201,27,69,45,0.5,-3.4000001,0,20,3,2,Vietnam,1.5,0
1,1 Off,IS,11,10206,10207,58,75,30,0.5,2.2,0,20,3,2,Vietnam,1.5,0
1,1 Off,IS,1,10207,10203,15,20,29,2.2,1.7,0,20,2,2,USA,20,0
1,1 Off,IS,3,10207,10212,73,48,30,2.2,-6.3999996,0,20,2,2,USA,20,0
1,1 Off,IS,5,10207,10211,44,71,55,2.2,0.89999986,0,20,2,2,USA,20,0
1,1 Off,IS,6,10207,10201,64,75,45,2.2,-3.4000001,0,20,2,2,USA,20,0
1,1 Off,IS,7,10207,10210,51,56,40,2.2,6.3000002,0,20,2,2,USA,20,0
1,1 Off,IS,10,10207,10208,26,40,25,2.2,-4.9000001,0,20,2,2,USA,20,0
1,1 Off,IS,3,10208,10204,73,80,10,-4.9000001,0.80000019,0,21,2,2,South Korea,7,0
1,1 Off,IS,4,10208,10203,70,74,20,-4.9000001,1.7,0,21,2,2,South Korea,7,0
1,1 Off,IS,5,10208,10202,44,44,20,-4.9000001,0,0,21,2,2,South Korea,7,0
1,1 Off,IS,7,10208,10211,51,62,20,-4.9000001,0.9000001,0,21,2,2,South Korea,7,0
1,1 Off,IS,9,10208,10210,27,32,20,-4.9000001,6.3000002,0,21,2,2,South Korea,7,0
1,1 Off,IS,3,10209,10202,73,73,65,3.2,0,1,21,1,4,USA,21,0
1,1 Off,IS,5,10209,10206,44,56,45,3.2,0.5,1,21,1,4,USA,21,0
1,1 Off,IS,6,10209,10212,64,48,50,3.2,-6.4000001,1,21,1,4,USA,21,0
1,1 Off,IS,9,10209,10207,27,40,30,3.2,2.2,1,21,1,4,USA,21,0
1,1 Off,IS,11,10209,10208,58,80,70,3.2,-4.9000001,1,21,1,4,USA,21,0
1,1 Off,IS,1,10210,10212,15,75,23,6.3000002,-6.4000001,0,21,3,3,USA,21,0
1,1 Off,IS,3,10210,10205,73,73,26,6.3000002,-4.0999999,0,21,3,3,USA,21,0
1,1 Off,IS,4,10210,10206,70,70,28,6.3000002,0.5,0,21,3,3,USA,21,0
1,1 Off,IS,8,10210,10203,11,70,25,6.3000002,1.6999998,0,21,3,3,USA,21,0
1,1 Off,IS,10,10210,10209,26,30,15,6.3000002,3.1999998,0,21,3,3,USA,21,0
1,1 Off,IS,11,10210,10201,58,69,20,6.3000002,-3.4000001,0,21,3,3,USA,21,0
1,1 Off,IS,2,10211,10210,35,44,44,0.89999998,6.3000002,1,23,1,4,China,2,3
1,1 Off,IS,4,10211,10209,70,70,65,0.89999998,3.1999998,1,23,1,4,China,2,3
1,1 Off,IS,8,10211,10205,11,11,11,0.89999998,-4.0999999,1,23,1,4,China,2,3
1,1 Off,IS,10,10211,10212,26,44,42,0.89999998,-6.4000001,1,23,1,4,China,2,3
1,1 Off,IS,11,10211,10203,58,73,53,0.89999998,1.6999999,1,23,1,4,China,2,3
1,1 Off,IS,2,10212,10201,35,74,14,-6.4000001,-3.4000001,0,20,1,2,South Korea,9,1
1,1 Off,IS,4,10212,10204,70,65,14,-6.4000001,0.80000019,0,20,1,2,South Korea,9,1
1,1 Off,IS,7,10212,10206,51,51,14,-6.4000001,0.5,0,20,1,2,South Korea,9,1
1,1 Off,IS,8,10212,10208,11,80,15,-6.4000001,-4.9000001,0,20,1,2,South Korea,9,1
1,1 Off,IS,9,10212,10205,27,27,14,-6.4000001,-4.0999999,0,20,1,2,South Korea,9,1
1,1 Off,IS,1,10301,10308,15,20,10,0.5,1.9000001,1,20,1,2,USA,20,3
1,1 Off,IS,3,10301,10311,73,73,35,0.5,8,1,20,1,2,USA,20,3
1,1 Off,IS,4,10301,10302,70,72,3,0.5,1,1,20,1,2,USA,20,3
1,1 Off,IS,7,10301,10304,51,45,30,0.5,-5.0999999,1,20,1,2,USA,20,3
1,1 Off,IS,8,10301,10309,11,10,5,0.5,0.79999995,1,20,1,2,USA,20,3
1,1 Off,IS,10,10301,10303,26,67,40,0.5,1.5999999,1,20,1,2,USA,20,3
1,1 Off,IS,2,10302,10306,35,45,45,1,0,1,24,1,4,Bangladesh,5,0
1,1 Off,IS,6,10302,10310,64,54,45,1,0,1,24,1,4,Bangladesh,5,0
1,1 Off,IS,8,10302,10307,11,47,47,1,-3.5,1,24,1,4,Bangladesh,5,0
1,1 Off,IS,9,10302,10311,27,37,35,1,8,1,24,1,4,Bangladesh,5,0
1,1 Off,IS,11,10302,10312,58,74,45,1,-1.8,1,24,1,4,Bangladesh,5,0
1,1 Off,IS,2,10303,10309,35,30,20,1.6,0.80000007,1,20,2,3,USA,17,0
1,1 Off,IS,5,10303,10312,44,65,40,1.6,-1.8,1,20,2,3,USA,17,0
1,1 Off,IS,6,10303,10305,64,78,50,1.6,-4.1999998,1,20,2,3,USA,17,0
1,1 Off,IS,7,10303,10302,51,51,35,1.6,0.99999988,1,20,2,3,USA,17,0
1,1 Off,IS,9,10303,10304,27,35,20,1.6,-5.0999999,1,20,2,3,USA,17,0
1,1 Off,IS,1,10304,10309,15,10,15,-5.0999999,0.80000019,0,20,1,3,USA,13,0
1,1 Off,IS,2,10304,10307,35,43,30,-5.0999999,-3.5000005,0,20,1,3,USA,13,0
1,1 Off,IS,5,10304,10310,44,68,21,-5.0999999,0,0,20,1,3,USA,13,0
1,1 Off,IS,6,10304,10311,64,64,21,-5.0999999,8,0,20,1,3,USA,13,0
1,1 Off,IS,10,10304,10302,26,26,22,-5.0999999,1,0,20,1,3,USA,13,0
1,1 Off,IS,11,10304,10305,58,77,26,-5.0999999,-4.1999993,0,20,1,3,USA,13,0
1,1 Off,IS,1,10305,10302,15,15,10,-4.1999998,1,0,20,1,2,USA,20,5
1,1 Off,IS,2,10305,10308,35,45,33,-4.1999998,1.9000001,0,20,1,2,USA,20,5
1,1 Off,IS,4,10305,10307,70,68,30,-4.1999998,-3.5,0,20,1,2,USA,20,5
1,1 Off,IS,5,10305,10301,44,68,27,-4.1999998,0.5,0,20,1,2,USA,20,5
1,1 Off,IS,7,10305,10309,51,45,25,-4.1999998,0.79999995,0,20,1,2,USA,20,5
1,1 Off,IS,10,10305,10306,26,36,5,-4.1999998,0,0,20,1,2,USA,20,5
1,1 Off,IS,1,10306,10311,15,15,11,0,8,1,20,3,3,USA,20,2
1,1 Off,IS,3,10306,10303,73,76,66,0,1.6,1,20,3,3,USA,20,2
1,1 Off,IS,6,10306,10308,64,74,64,0,1.9,1,20,3,3,USA,20,2
1,1 Off,IS,8,10306,10304,11,11,11,0,-5.0999999,1,20,3,3,USA,20,2
1,1 Off,IS,9,10306,10301,27,68,58,0,0.5,1,20,3,3,USA,20,2
1,1 Off,IS,11,10306,10307,58,47,40,0,-3.5,1,20,3,3,USA,20,2
1,1 Off,IS,1,10307,10303,15,20,15,-3.5,1.6,1,21,1,3,USA,21,1
1,1 Off,IS,3,10307,10312,73,77,51,-3.5,-1.8000002,1,21,1,3,USA,21,1
1,1 Off,IS,5,10307,10311,44,35,33,-3.5,8,1,21,1,3,USA,21,1
1,1 Off,IS,6,10307,10301,64,68,55,-3.5,0.5,1,21,1,3,USA,21,1
1,1 Off,IS,7,10307,10310,51,54,45,-3.5,0,1,21,1,3,USA,21,1
1,1 Off,IS,10,10307,10308,26,76,45,-3.5,1.9,1,21,1,3,USA,21,1
1,1 Off,IS,3,10308,10304,73,80,20,1.9,-5.0999999,1,19,1,2,Korea,14,0
1,1 Off,IS,4,10308,10303,70,76,65,1.9,1.6,1,19,1,2,Korea,14,0
1,1 Off,IS,5,10308,10302,44,44,44,1.9,1.0000001,1,19,1,2,Korea,14,0
1,1 Off,IS,7,10308,10311,51,51,45,1.9,7.9999995,1,19,1,2,Korea,14,0
1,1 Off,IS,9,10308,10310,27,58,45,1.9,0,1,19,1,2,Korea,14,0
1,1 Off,IS,3,10309,10302,73,75,60,0.80000001,0.99999994,0,37,1,3,USA,37,15
1,1 Off,IS,5,10309,10306,44,54,50,0.80000001,0,0,37,1,3,USA,37,15
1,1 Off,IS,6,10309,10312,64,52,60,0.80000001,-1.8,0,37,1,3,USA,37,15
1,1 Off,IS,9,10309,10307,27,25,30,0.80000001,-3.5,0,37,1,3,USA,37,15
1,1 Off,IS,11,10309,10308,58,78,55,0.80000001,1.9000001,0,37,1,3,USA,37,15
1,1 Off,IS,1,10310,10312,15,20,15,0,-1.8,1,20,1,3,USA,20,3
1,1 Off,IS,3,10310,10305,73,80,15,0,-4.1999998,1,20,1,3,USA,20,3
1,1 Off,IS,4,10310,10306,70,73,28,0,0,1,20,1,3,USA,20,3
1,1 Off,IS,8,10310,10303,11,11,11,0,1.6,1,20,1,3,USA,20,3
1,1 Off,IS,10,10310,10309,26,35,15,0,0.80000001,1,20,1,3,USA,20,3
1,1 Off,IS,11,10310,10301,58,62,29,0,0.5,1,20,1,3,USA,20,3
1,1 Off,IS,2,10311,10310,35,74,30,8,0,0,20,1,3,Taiwan,17,1
1,1 Off,IS,4,10311,10309,70,55,35,8,0.80000019,0,20,1,3,Taiwan,17,1
1,1 Off,IS,8,10311,10305,11,66,35,8,-4.1999998,0,20,1,3,Taiwan,17,1
1,1 Off,IS,10,10311,10312,26,61,35,8,-1.8000002,0,20,1,3,Taiwan,17,1
1,1 Off,IS,11,10311,10303,58,78,35,8,1.6000004,0,20,1,3,Taiwan,17,1
1,1 Off,IS,2,10312,10301,35,68,75,-1.8,0.5,0,25,2,5,China,1,1
1,1 Off,IS,4,10312,10304,70,70,42,-1.8,-5.0999994,0,25,2,5,China,1,1
1,1 Off,IS,7,10312,10306,51,58,70,-1.8,0,0,25,2,5,China,1,1
1,1 Off,IS,8,10312,10308,11,76,49,-1.8,1.9,0,25,2,5,China,1,1
1,1 Off,IS,9,10312,10305,27,67,44,-1.8,-4.1999998,0,25,2,5,China,1,1
1,1 Off,IS,1,10401,10408,15,20,30,-0.5,5.4000001,1,21,2,4,USA,21,0
1,1 Off,IS,3,10401,10411,73,78,40,-0.5,9,1,21,2,4,USA,21,0
1,1 Off,IS,4,10401,10402,70,70,55,-0.5,-7.6000004,1,21,2,4,USA,21,0
1,1 Off,IS,7,10401,10404,51,51,51,-0.5,-3.5999999,1,21,2,4,USA,21,0
1,1 Off,IS,8,10401,10409,11,69,69,-0.5,2.3,1,21,2,4,USA,21,0
1,1 Off,IS,10,10401,10403,26,48,48,-0.5,-1.3,1,21,2,4,USA,21,0
1,1 Off,IS,2,10402,10406,35,65,55,-7.5999999,3,0,20,3,3,USA,20,0
1,1 Off,IS,6,10402,10410,64,64,65,-7.5999999,-7.7999997,0,20,3,3,USA,20,0
1,1 Off,IS,8,10402,10407,11,22,20,-7.5999999,6.4000001,0,20,3,3,USA,20,0
1,1 Off,IS,9,10402,10411,27,35,35,-7.5999999,9,0,20,3,3,USA,20,0
1,1 Off,IS,11,10402,10412,58,60,60,-7.5999999,-5.0999999,0,20,3,3,USA,20,0
1,1 Off,IS,2,10403,10409,35,45,30,-1.3,2.3,0,19,1,3,USA,19,2
1,1 Off,IS,5,10403,10412,44,47,35,-1.3,-5.0999994,0,19,1,3,USA,19,2
1,1 Off,IS,6,10403,10405,64,64,45,-1.3,0.39999998,0,19,1,3,USA,19,2
1,1 Off,IS,7,10403,10402,51,56,48,-1.3,-7.5999994,0,19,1,3,USA,19,2
1,1 Off,IS,9,10403,10404,27,34,30,-1.3,-3.5999997,0,19,1,3,USA,19,2
1,1 Off,IS,1,10404,10409,15,68,40,-3.5999999,2.3,1,19,1,3,Colombia,17,0
1,1 Off,IS,2,10404,10407,35,80,30,-3.5999999,6.4000001,1,19,1,3,Colombia,17,0
1,1 Off,IS,5,10404,10410,44,44,40,-3.5999999,-7.7999997,1,19,1,3,Colombia,17,0
1,1 Off,IS,6,10404,10411,64,70,45,-3.5999999,9,1,19,1,3,Colombia,17,0
1,1 Off,IS,10,10404,10402,26,31,35,-3.5999999,-7.5999999,1,19,1,3,Colombia,17,0
1,1 Off,IS,11,10404,10405,58,58,50,-3.5999999,0.4000001,1,19,1,3,Colombia,17,0
1,1 Off,IS,1,10405,10402,15,15,15,0.40000001,-7.5999999,0,22,3,4,Vietnam,3,0
1,1 Off,IS,2,10405,10408,35,40,40,0.40000001,5.4000001,0,22,3,4,Vietnam,3,0
1,1 Off,IS,4,10405,10407,70,79,79,0.40000001,6.4000001,0,22,3,4,Vietnam,3,0
1,1 Off,IS,5,10405,10401,44,73,73,0.40000001,-0.5,0,22,3,4,Vietnam,3,0
1,1 Off,IS,7,10405,10409,51,61,55,0.40000001,2.3,0,22,3,4,Vietnam,3,0
1,1 Off,IS,10,10405,10406,26,72,60,0.40000001,3,0,22,3,4,Vietnam,3,0
1,1 Off,IS,1,10406,10411,15,30,30,3,9,0,21,3,3,Vietnam,3,1
1,1 Off,IS,3,10406,10403,73,73,40,3,-1.3,0,21,3,3,Vietnam,3,1
1,1 Off,IS,6,10406,10408,64,72,45,3,5.3999996,0,21,3,3,Vietnam,3,1
1,1 Off,IS,8,10406,10404,11,11,13,3,-3.5999999,0,21,3,3,Vietnam,3,1
1,1 Off,IS,9,10406,10401,27,73,45,3,-0.5,0,21,3,3,Vietnam,3,1
1,1 Off,IS,11,10406,10407,58,67,69,3,6.3999996,0,21,3,3,Vietnam,3,1
1,1 Off,IS,1,10407,10403,15,48,35,6.4000001,-1.2999997,1,20,3,3,India,2,2
1,1 Off,IS,3,10407,10412,73,76,31,6.4000001,-5.0999999,1,20,3,3,India,2,2
1,1 Off,IS,5,10407,10411,44,47,22,6.4000001,9,1,20,3,3,India,2,2
1,1 Off,IS,6,10407,10401,64,73,64,6.4000001,-0.5,1,20,3,3,India,2,2
1,1 Off,IS,7,10407,10410,51,51,44,6.4000001,-7.8000002,1,20,3,3,India,2,2
1,1 Off,IS,10,10407,10408,26,34,27,6.4000001,5.4000001,1,20,3,3,India,2,2
1,1 Off,IS,3,10408,10404,73,73,50,5.4000001,-3.5999999,1,20,2,3,Mexico,20,1
1,1 Off,IS,4,10408,10403,70,67,60,5.4000001,-1.2999997,1,20,2,3,Mexico,20,1
1,1 Off,IS,5,10408,10402,44,54,50,5.4000001,-7.5999999,1,20,2,3,Mexico,20,1
1,1 Off,IS,7,10408,10411,51,56,50,5.4000001,9,1,20,2,3,Mexico,20,1
1,1 Off,IS,9,10408,10410,27,27,20,5.4000001,-7.8000002,1,20,2,3,Mexico,20,1
1,1 Off,IS,3,10409,10402,73,73,40,2.3,-7.6000004,0,20,1,3,USA,20,8
1,1 Off,IS,5,10409,10406,44,55,40,2.3,3.0000002,0,20,1,3,USA,20,8
1,1 Off,IS,6,10409,10412,64,67,40,2.3,-5.0999999,0,20,1,3,USA,20,8
1,1 Off,IS,9,10409,10407,27,70,45,2.3,6.3999996,0,20,1,3,USA,20,8
1,1 Off,IS,11,10409,10408,58,68,40,2.3,5.3999996,0,20,1,3,USA,20,8
1,1 Off,IS,1,10410,10412,15,18,30,-7.8000002,-5.0999994,0,21,1,5,USA,21,1
1,1 Off,IS,3,10410,10405,73,73,30,-7.8000002,0.4000001,0,21,1,5,USA,21,1
1,1 Off,IS,4,10410,10406,70,77,25,-7.8000002,3,0,21,1,5,USA,21,1
1,1 Off,IS,8,10410,10403,11,38,30,-7.8000002,-1.3000002,0,21,1,5,USA,21,1
1,1 Off,IS,10,10410,10409,26,68,30,-7.8000002,2.3000002,0,21,1,5,USA,21,1
1,1 Off,IS,11,10410,10401,58,67,30,-7.8000002,-0.5,0,21,1,5,USA,21,1
1,1 Off,IS,2,10411,10410,35,35,25,9,-7.8000002,1,19,2,3,Vietnam,2,2
1,1 Off,IS,4,10411,10409,70,70,65,9,2.3000002,1,19,2,3,Vietnam,2,2
1,1 Off,IS,8,10411,10405,11,11,11,9,0.39999962,1,19,2,3,Vietnam,2,2
1,1 Off,IS,10,10411,10412,26,36,30,9,-5.0999999,1,19,2,3,Vietnam,2,2
1,1 Off,IS,11,10411,10403,58,58,52,9,-1.3000002,1,19,2,3,Vietnam,2,2
1,1 Off,IS,2,10412,10401,35,80,74,-5.0999999,-0.5,0,19,1,2,USA,19,0
1,1 Off,IS,4,10412,10404,70,75,40,-5.0999999,-3.5999999,0,19,1,2,USA,19,0
1,1 Off,IS,7,10412,10406,51,65,53,-5.0999999,3,0,19,1,2,USA,19,0
1,1 Off,IS,8,10412,10408,11,19,40,-5.0999999,5.4000001,0,19,1,2,USA,19,0
1,1 Off,IS,9,10412,10405,27,27,15,-5.0999999,0.4000001,0,19,1,2,USA,19,0
2,1 Off,AP,1,20101,20108,15,62,25,-0.80000001,-0.69999999,1,23,1,5,India,2,1
2,1 Off,AP,3,20101,20111,73,90,28,-0.80000001,8.8000002,1,23,1,5,India,2,1
2,1 Off,AP,4,20101,20102,70,150,29,-0.80000001,-10.9,1,23,1,5,India,2,1
2,1 Off,AP,7,20101,20104,51,63,27,-0.80000001,-8.1000004,1,23,1,5,India,2,1
2,1 Off,AP,8,20101,20109,11,21,21,-0.80000001,5.0999999,1,23,1,5,India,2,1
2,1 Off,AP,10,20101,20103,26,40,28,-0.80000001,4.5,1,23,1,5,India,2,1
2,1 Off,AP,2,20102,20106,35,41,20,-10.9,7.4000001,1,21,1,3,USA,21,4
2,1 Off,AP,6,20102,20110,64,69,20,-10.9,3.3000002,1,21,1,3,USA,21,4
2,1 Off,AP,8,20102,20107,11,180,15,-10.9,0,1,21,1,3,USA,21,4
2,1 Off,AP,9,20102,20111,27,40,20,-10.9,8.8000002,1,21,1,3,USA,21,4
2,1 Off,AP,11,20102,20112,58,64,20,-10.9,14,1,21,1,3,USA,21,4
2,1 Off,AP,2,20103,20109,35,45,40,4.5,5.1000004,1,20,3,2,USA,20,0
2,1 Off,AP,5,20103,20112,44,37,30,4.5,14,1,20,3,2,USA,20,0
2,1 Off,AP,6,20103,20105,64,71,60,4.5,1,1,20,3,2,USA,20,0
2,1 Off,AP,7,20103,20102,51,70,60,4.5,-10.9,1,20,3,2,USA,20,0
2,1 Off,AP,9,20103,20104,27,35,33,4.5,-8.1000004,1,20,3,2,USA,20,0
2,1 Off,AP,1,20104,20109,15,25,23,-8.1000004,5.0999999,0,20,1,3,USA,20,2
2,1 Off,AP,2,20104,20107,35,75,35,-8.1000004,0,0,20,1,3,USA,20,2
2,1 Off,AP,5,20104,20110,44,66,55,-8.1000004,3.3000002,0,20,1,3,USA,20,2
2,1 Off,AP,6,20104,20111,64,80,50,-8.1000004,8.8000002,0,20,1,3,USA,20,2
2,1 Off,AP,10,20104,20102,26,16,15,-8.1000004,-10.9,0,20,1,3,USA,20,2
2,1 Off,AP,11,20104,20105,58,69,42,-8.1000004,1,0,20,1,3,USA,20,2
2,1 Off,AP,1,20105,20102,15,90,10,1,-10.9,1,21,2,3,USA,21,0
2,1 Off,AP,2,20105,20108,35,73,50,1,-0.69999999,1,21,2,3,USA,21,0
2,1 Off,AP,4,20105,20107,70,80,15,1,0,1,21,2,3,USA,21,0
2,1 Off,AP,5,20105,20101,44,46,40,1,-0.80000001,1,21,2,3,USA,21,0
2,1 Off,AP,7,20105,20109,51,61,50,1,5.0999999,1,21,2,3,USA,21,0
2,1 Off,AP,10,20105,20106,26,32,30,1,7.3999996,1,21,2,3,USA,21,0
2,1 Off,AP,1,20106,20111,15,20,75,7.4000001,8.8000011,0,20,1,3,Taiwan,17,2
2,1 Off,AP,3,20106,20103,73,80,50,7.4000001,4.4999995,0,20,1,3,Taiwan,17,2
2,1 Off,AP,6,20106,20108,64,69,60,7.4000001,-0.69999981,0,20,1,3,Taiwan,17,2
2,1 Off,AP,8,20106,20104,11,50,60,7.4000001,-8.1000004,0,20,1,3,Taiwan,17,2
2,1 Off,AP,9,20106,20101,27,32,55,7.4000001,-0.80000019,0,20,1,3,Taiwan,17,2
2,1 Off,AP,11,20106,20107,58,80,60,7.4000001,0,0,20,1,3,Taiwan,17,2
2,1 Off,AP,1,20107,20103,15,20,30,0,4.5,1,19,3,2,USA,19,1
2,1 Off,AP,3,20107,20112,73,80,50,0,14,1,19,3,2,USA,19,1
2,1 Off,AP,5,20107,20111,44,65,40,0,8.8000002,1,19,3,2,USA,19,1
2,1 Off,AP,6,20107,20101,64,78,78,0,-0.80000001,1,19,3,2,USA,19,1
2,1 Off,AP,7,20107,20110,51,70,51,0,3.3,1,19,3,2,USA,19,1
2,1 Off,AP,10,20107,20108,26,71,71,0,-0.69999999,1,19,3,2,USA,19,1
2,1 Off,AP,3,20108,20104,73,79,25,-0.69999999,-8.1000004,1,19,1,2,India,14,0
2,1 Off,AP,4,20108,20103,70,75,25,-0.69999999,4.5,1,19,1,2,India,14,0
2,1 Off,AP,5,20108,20102,44,10,10,-0.69999999,-10.9,1,19,1,2,India,14,0
2,1 Off,AP,7,20108,20111,51,65,30,-0.69999999,8.8000002,1,19,1,2,India,14,0
2,1 Off,AP,9,20108,20110,27,65,35,-0.69999999,3.3,1,19,1,2,India,14,0
2,1 Off,AP,3,20109,20102,73,100,30,5.0999999,-10.9,0,26,1,5,India,26,1
2,1 Off,AP,5,20109,20106,44,50,45,5.0999999,7.4000001,0,26,1,5,India,26,1
2,1 Off,AP,6,20109,20112,64,69,60,5.0999999,14,0,26,1,5,India,26,1
2,1 Off,AP,9,20109,20107,27,44,44,5.0999999,0,0,26,1,5,India,26,1
2,1 Off,AP,11,20109,20108,58,77,60,5.0999999,-0.69999981,0,26,1,5,India,26,1
2,1 Off,AP,1,20110,20112,15,20,20,3.3,13.999999,1,20,1,2,India,2,0
2,1 Off,AP,3,20110,20105,73,67,45,3.3,1.0000002,1,20,1,2,India,2,0
2,1 Off,AP,4,20110,20106,70,76,50,3.3,7.3999996,1,20,1,2,India,2,0
2,1 Off,AP,8,20110,20103,11,15,15,3.3,4.5,1,20,1,2,India,2,0
2,1 Off,AP,10,20110,20109,26,36,30,3.3,5.0999994,1,20,1,2,India,2,0
2,1 Off,AP,11,20110,20101,58,75,55,3.3,-0.79999995,1,20,1,2,India,2,0
2,1 Off,AP,2,20111,20110,35,45,35,8.8000002,3.3000002,1,20,3,3,India,3,0
2,1 Off,AP,4,20111,20109,70,80,65,8.8000002,5.0999994,1,20,3,3,India,3,0
2,1 Off,AP,8,20111,20105,11,24,25,8.8000002,1,1,20,3,3,India,3,0
2,1 Off,AP,10,20111,20112,26,32,30,8.8000002,13.999999,1,20,3,3,India,3,0
2,1 Off,AP,11,20111,20103,58,70,65,8.8000002,4.5,1,20,3,3,India,3,0
2,1 Off,AP,2,20112,20101,35,45,52,14,-0.80000019,1,19,2,3,U.A.E.,8,0
2,1 Off,AP,4,20112,20104,70,75,63,14,-8.1000004,1,19,2,3,U.A.E.,8,0
2,1 Off,AP,7,20112,20106,51,57,63,14,7.3999996,1,19,2,3,U.A.E.,8,0
2,1 Off,AP,8,20112,20108,11,62,54,14,-0.69999981,1,19,2,3,U.A.E.,8,0
2,1 Off,AP,9,20112,20105,27,52,42,14,1,1,19,2,3,U.A.E.,8,0
2,1 Off,AP,1,20201,20208,15,15,20,-0.60000002,11.5,1,24,1,2,India,1.5,1
2,1 Off,AP,3,20201,20211,73,120,30,-0.60000002,-3.2000003,1,24,1,2,India,1.5,1
2,1 Off,AP,4,20201,20202,70,70,50,-0.60000002,-6.1999998,1,24,1,2,India,1.5,1
2,1 Off,AP,7,20201,20204,51,50,30,-0.60000002,-2.5,1,24,1,2,India,1.5,1
2,1 Off,AP,8,20201,20209,11,15,15,-0.60000002,-1.4,1,24,1,2,India,1.5,1
2,1 Off,AP,10,20201,20203,26,30,15,-0.60000002,1.6,1,24,1,2,India,1.5,1
2,1 Off,AP,2,20202,20206,35,65,55,-6.1999998,0.4000001,0,19,1,3,USA,19,0
2,1 Off,AP,6,20202,20210,64,79,70,-6.1999998,0.4000001,0,19,1,3,USA,19,0
2,1 Off,AP,8,20202,20207,11,20,30,-6.1999998,7,0,19,1,3,USA,19,0
2,1 Off,AP,9,20202,20211,27,72,72,-6.1999998,-3.1999998,0,19,1,3,USA,19,0
2,1 Off,AP,11,20202,20212,58,180,30,-6.1999998,-5,0,19,1,3,USA,19,0
2,1 Off,AP,2,20203,20209,35,45,40,1.6,-1.4,1,21,1,3,USA,21,3
2,1 Off,AP,5,20203,20212,44,61,55,1.6,-5,1,21,1,3,USA,21,3
2,1 Off,AP,6,20203,20205,64,64,55,1.6,0,1,21,1,3,USA,21,3
2,1 Off,AP,7,20203,20202,51,65,60,1.6,-6.1999998,1,21,1,3,USA,21,3
2,1 Off,AP,9,20203,20204,27,30,24,1.6,-2.5,1,21,1,3,USA,21,3
2,1 Off,AP,1,20204,20209,15,25,30,-2.5,-1.4000001,0,25,1,5,China,2,1
2,1 Off,AP,2,20204,20207,35,55,30,-2.5,7,0,25,1,5,China,2,1
2,1 Off,AP,5,20204,20210,44,56,30,-2.5,0.4000001,0,25,1,5,China,2,1
2,1 Off,AP,6,20204,20211,64,72,32,-2.5,-3.1999998,0,25,1,5,China,2,1
2,1 Off,AP,10,20204,20202,26,70,70,-2.5,-6.1999998,0,25,1,5,China,2,1
2,1 Off,AP,11,20204,20205,58,58,58,-2.5,0,0,25,1,5,China,2,1
2,1 Off,AP,1,20205,20202,15,40,35,0,-6.1999998,1,20,2,3,USA,20,0
2,1 Off,AP,2,20205,20208,35,50,35,0,11.5,1,20,2,3,USA,20,0
2,1 Off,AP,4,20205,20207,70,125,35,0,7,1,20,2,3,USA,20,0
2,1 Off,AP,5,20205,20201,44,100,30,0,-0.60000002,1,20,2,3,USA,20,0
2,1 Off,AP,7,20205,20209,51,72,62,0,-1.4,1,20,2,3,USA,20,0
2,1 Off,AP,10,20205,20206,26,25,20,0,0.40000001,1,20,2,3,USA,20,0
2,1 Off,AP,1,20206,20211,15,65,59,0.40000001,-3.2,0,20,1,2,India,2,0
2,1 Off,AP,3,20206,20203,73,83,50,0.40000001,1.6,0,20,1,2,India,2,0
2,1 Off,AP,6,20206,20208,64,100,45,0.40000001,11.5,0,20,1,2,India,2,0
2,1 Off,AP,8,20206,20204,11,10,10,0.40000001,-2.5,0,20,1,2,India,2,0
2,1 Off,AP,9,20206,20201,27,160,25,0.40000001,-0.60000002,0,20,1,2,India,2,0
2,1 Off,AP,11,20206,20207,58,110,28,0.40000001,7,0,20,1,2,India,2,0
2,1 Off,AP,1,20207,20203,15,15,33,7,1.6000004,0,23,3,5,,2,1
2,1 Off,AP,3,20207,20212,73,126,40,7,-5,0,23,3,5,,2,1
2,1 Off,AP,5,20207,20211,44,58,30,7,-3.2,0,23,3,5,,2,1
2,1 Off,AP,6,20207,20201,64,85,40,7,-0.5999999,0,23,3,5,,2,1
2,1 Off,AP,7,20207,20210,51,65,30,7,0.4000001,0,23,3,5,,2,1
2,1 Off,AP,10,20207,20208,26,120,25,7,11.5,0,23,3,5,,2,1
2,1 Off,AP,3,20208,20204,73,95,20,11.5,-2.5,0,19,1,2,South Korea,11,2
2,1 Off,AP,4,20208,20203,70,75,27,11.5,1.6000004,0,19,1,2,South Korea,11,2
2,1 Off,AP,5,20208,20202,44,45,19,11.5,-6.1999998,0,19,1,2,South Korea,11,2
2,1 Off,AP,7,20208,20211,51,68,27,11.5,-3.1999998,0,19,1,2,South Korea,11,2
2,1 Off,AP,9,20208,20210,27,27,13,11.5,0.39999962,0,19,1,2,South Korea,11,2
2,1 Off,AP,3,20209,20202,73,65,50,-1.4,-6.1999998,1,21,3,4,USA,21,6
2,1 Off,AP,5,20209,20206,44,70,50,-1.4,0.39999998,1,21,3,4,USA,21,6
2,1 Off,AP,6,20209,20212,64,75,40,-1.4,-5,1,21,3,4,USA,21,6
2,1 Off,AP,9,20209,20207,27,45,25,-1.4,7,1,21,3,4,USA,21,6
2,1 Off,AP,11,20209,20208,58,120,15,-1.4,11.5,1,21,3,4,USA,21,6
2,1 Off,AP,1,20210,20212,15,30,27,0.40000001,-5,0,20,2,2,China,10,3
2,1 Off,AP,3,20210,20205,73,73,34,0.40000001,0,0,20,2,2,China,10,3
2,1 Off,AP,4,20210,20206,70,130,43,0.40000001,0.40000001,0,20,2,2,China,10,3
2,1 Off,AP,8,20210,20203,11,13,20,0.40000001,1.6,0,20,2,2,China,10,3
2,1 Off,AP,10,20210,20209,26,46,46,0.40000001,-1.4,0,20,2,2,China,10,3
2,1 Off,AP,11,20210,20201,58,75,60,0.40000001,-0.60000002,0,20,2,2,China,10,3
2,1 Off,AP,2,20211,20210,35,54,27,-3.2,0.4000001,1,21,1,3,South Korea,18,2
2,1 Off,AP,4,20211,20209,70,76,20,-3.2,-1.3999999,1,21,1,3,South Korea,18,2
2,1 Off,AP,8,20211,20205,11,11,71,-3.2,0,1,21,1,3,South Korea,18,2
2,1 Off,AP,10,20211,20212,26,17,10,-3.2,-5,1,21,1,3,South Korea,18,2
2,1 Off,AP,11,20211,20203,58,62,40,-3.2,1.6,1,21,1,3,South Korea,18,2
2,1 Off,AP,2,20212,20201,35,50,30,-5,-0.5999999,0,20,1,3,Mexico,20,2
2,1 Off,AP,4,20212,20204,70,95,30,-5,-2.5,0,20,1,3,Mexico,20,2
2,1 Off,AP,7,20212,20206,51,180,15,-5,0.4000001,0,20,1,3,Mexico,20,2
2,1 Off,AP,8,20212,20208,11,85,45,-5,11.5,0,20,1,3,Mexico,20,2
2,1 Off,AP,9,20212,20205,27,27,27,-5,0,0,20,1,3,Mexico,20,2
2,1 Off,AP,1,20301,20308,15,10,11,-5.6999998,5.5,0,20,3,3,USA,20,2
2,1 Off,AP,3,20301,20311,73,75,39,-5.6999998,-3.1999998,0,20,3,3,USA,20,2
2,1 Off,AP,4,20301,20302,70,75,31,-5.6999998,-1.0999999,0,20,3,3,USA,20,2
2,1 Off,AP,7,20301,20304,51,40,27,-5.6999998,5.5,0,20,3,3,USA,20,2
2,1 Off,AP,8,20301,20309,11,20,27,-5.6999998,1.9000001,0,20,3,3,USA,20,2
2,1 Off,AP,10,20301,20303,26,63,42,-5.6999998,-6.9000006,0,20,3,3,USA,20,2
2,1 Off,AP,2,20302,20306,35,35,35,-1.1,0,0,20,2,5,USA,16,3
2,1 Off,AP,6,20302,20310,64,84,75,-1.1,-2.0999999,0,20,2,5,USA,16,3
2,1 Off,AP,8,20302,20307,11,62,60,-1.1,-0.30000007,0,20,2,5,USA,16,3
2,1 Off,AP,9,20302,20311,27,58,40,-1.1,-3.2000003,0,20,2,5,USA,16,3
2,1 Off,AP,11,20302,20312,58,78,40,-1.1,1.1,0,20,2,5,USA,16,3
2,1 Off,AP,2,20303,20309,35,43,30,-6.9000001,1.9000001,1,22,1,4,USA,22,0
2,1 Off,AP,5,20303,20312,44,68,38,-6.9000001,1.0999999,1,22,1,4,USA,22,0
2,1 Off,AP,6,20303,20305,64,83,43,-6.9000001,0.5,1,22,1,4,USA,22,0
2,1 Off,AP,7,20303,20302,51,51,31,-6.9000001,-1.0999999,1,22,1,4,USA,22,0
2,1 Off,AP,9,20303,20304,27,30,20,-6.9000001,5.5,1,22,1,4,USA,22,0
2,1 Off,AP,1,20304,20309,15,20,20,5.5,1.9000001,1,19,1,3,USA,19,0
2,1 Off,AP,2,20304,20307,35,62,56,5.5,-0.30000019,1,19,1,3,USA,19,0
2,1 Off,AP,5,20304,20310,44,54,50,5.5,-2.0999999,1,19,1,3,USA,19,0
2,1 Off,AP,6,20304,20311,64,70,40,5.5,-3.2,1,19,1,3,USA,19,0
2,1 Off,AP,10,20304,20302,26,25,25,5.5,-1.0999999,1,19,1,3,USA,19,0
2,1 Off,AP,11,20304,20305,58,85,42,5.5,0.5,1,19,1,3,USA,19,0
2,1 Off,AP,1,20305,20302,15,6,10,0.5,-1.1,0,23,1,5,China,1,1
2,1 Off,AP,2,20305,20308,35,39,35,0.5,5.5,0,23,1,5,China,1,1
2,1 Off,AP,4,20305,20307,70,70,65,0.5,-0.30000001,0,23,1,5,China,1,1
2,1 Off,AP,5,20305,20301,44,70,70,0.5,-5.6999998,0,23,1,5,China,1,1
2,1 Off,AP,7,20305,20309,51,58,50,0.5,1.9000001,0,23,1,5,China,1,1
2,1 Off,AP,10,20305,20306,26,36,30,0.5,0,0,23,1,5,China,1,1
2,1 Off,AP,1,20306,20311,15,19,19,0,-3.2,1,24,2,5,USA,22,7
2,1 Off,AP,3,20306,20303,73,90,32,0,-6.9000001,1,24,2,5,USA,22,7
2,1 Off,AP,6,20306,20308,64,67,40,0,5.5,1,24,2,5,USA,22,7
2,1 Off,AP,8,20306,20304,11,180,40,0,5.5,1,24,2,5,USA,22,7
2,1 Off,AP,9,20306,20301,27,39,35,0,-5.6999998,1,24,2,5,USA,22,7
2,1 Off,AP,11,20306,20307,58,68,45,0,-0.30000001,1,24,2,5,USA,22,7
2,1 Off,AP,1,20307,20303,15,75,55,-0.30000001,-6.9000001,1,22,2,4,Saudi Arabia,19,2
2,1 Off,AP,3,20307,20312,73,68,40,-0.30000001,1.1,1,22,2,4,Saudi Arabia,19,2
2,1 Off,AP,5,20307,20311,44,50,40,-0.30000001,-3.2,1,22,2,4,Saudi Arabia,19,2
2,1 Off,AP,6,20307,20301,64,82,61,-0.30000001,-5.6999998,1,22,2,4,Saudi Arabia,19,2
2,1 Off,AP,7,20307,20310,51,71,53,-0.30000001,-2.0999999,1,22,2,4,Saudi Arabia,19,2
2,1 Off,AP,10,20307,20308,26,28,25,-0.30000001,5.5,1,22,2,4,Saudi Arabia,19,2
2,1 Off,AP,3,20308,20304,73,146,85,5.5,5.5,1,20,1,4,USA,18,4
2,1 Off,AP,4,20308,20303,70,70,42,5.5,-6.9000001,1,20,1,4,USA,18,4
2,1 Off,AP,5,20308,20302,44,44,50,5.5,-1.0999999,1,20,1,4,USA,18,4
2,1 Off,AP,7,20308,20311,51,50,50,5.5,-3.2,1,20,1,4,USA,18,4
2,1 Off,AP,9,20308,20310,27,40,41,5.5,-2.0999999,1,20,1,4,USA,18,4
2,1 Off,AP,3,20309,20302,73,75,70,1.9,-1.1,1,24,2,5,China,2,1
2,1 Off,AP,5,20309,20306,44,44,60,1.9,0,1,24,2,5,China,2,1
2,1 Off,AP,6,20309,20312,64,59,48,1.9,1.1,1,24,2,5,China,2,1
2,1 Off,AP,9,20309,20307,27,27,48,1.9,-0.30000007,1,24,2,5,China,2,1
2,1 Off,AP,11,20309,20308,58,63,45,1.9,5.5,1,24,2,5,China,2,1
2,1 Off,AP,1,20310,20312,15,17,25,-2.0999999,1.1,2,20,1,3,USA,20,3
2,1 Off,AP,3,20310,20305,73,87,30,-2.0999999,0.5,2,20,1,3,USA,20,3
2,1 Off,AP,4,20310,20306,70,70,50,-2.0999999,0,2,20,1,3,USA,20,3
2,1 Off,AP,8,20310,20303,11,6,16,-2.0999999,-6.9000001,2,20,1,3,USA,20,3
2,1 Off,AP,10,20310,20309,26,50,45,-2.0999999,1.9,2,20,1,3,USA,20,3
2,1 Off,AP,11,20310,20301,58,79,55,-2.0999999,-5.6999998,2,20,1,3,USA,20,3
2,1 Off,AP,2,20311,20310,35,60,20,-3.2,-2.1000001,0,24,3,5,China,2,1
2,1 Off,AP,4,20311,20309,70,76,30,-3.2,1.9,0,24,3,5,China,2,1
2,1 Off,AP,8,20311,20305,11,25,28,-3.2,0.5,0,24,3,5,China,2,1
2,1 Off,AP,10,20311,20312,26,56,30,-3.2,1.1000001,0,24,3,5,China,2,1
2,1 Off,AP,11,20311,20303,58,77,20,-3.2,-6.9000006,0,24,3,5,China,2,1
2,1 Off,AP,2,20312,20301,35,53,38,1.1,-5.6999998,1,25,1,5,India,1,2
2,1 Off,AP,4,20312,20304,70,150,35,1.1,5.5,1,25,1,5,India,1,2
2,1 Off,AP,7,20312,20306,51,54,56,1.1,0,1,25,1,5,India,1,2
2,1 Off,AP,8,20312,20308,11,10,20,1.1,5.5,1,25,1,5,India,1,2
2,1 Off,AP,9,20312,20305,27,50,46,1.1,0.5,1,25,1,5,India,1,2
4,Repeated,IS,1,40101,40111,15,20,15,2.3,-0.29999995,1,24,3,5,India,0,5
4,Repeated,IS,2,40101,40111,35,45,30,2.3,-0.29999995,1,24,3,5,India,0,5
4,Repeated,IS,3,40101,40111,73,75,60,2.3,-0.29999995,1,24,3,5,India,0,5
4,Repeated,IS,4,40101,40111,70,75,33,2.3,-0.29999995,1,24,3,5,India,0,5
4,Repeated,IS,5,40101,40111,44,50,45,2.3,-0.29999995,1,24,3,5,India,0,5
4,Repeated,IS,6,40101,40111,64,69,60,2.3,-0.29999995,1,24,3,5,India,0,5
4,Repeated,IS,7,40101,40111,51,57,50,2.3,-0.29999995,1,24,3,5,India,0,5
4,Repeated,IS,8,40101,40111,11,18,20,2.3,-0.29999995,1,24,3,5,India,0,5
4,Repeated,IS,9,40101,40111,27,30,30,2.3,-0.29999995,1,24,3,5,India,0,5
4,Repeated,IS,10,40101,40111,26,30,45,2.3,-0.29999995,1,24,3,5,India,0,5
4,Repeated,IS,11,40101,40111,58,63,58,2.3,-0.29999995,1,24,3,5,India,0,5
4,Repeated,IS,1,40106,40103,15,70,30,-0.30000001,1.1,0,22,1,3,China,3.5,1
4,Repeated,IS,2,40106,40103,35,42,10,-0.30000001,1.1,0,22,1,3,China,3.5,1
4,Repeated,IS,3,40106,40103,73,76,15,-0.30000001,1.1,0,22,1,3,China,3.5,1
4,Repeated,IS,4,40106,40103,70,71,20,-0.30000001,1.1,0,22,1,3,China,3.5,1
4,Repeated,IS,5,40106,40103,44,80,30,-0.30000001,1.1,0,22,1,3,China,3.5,1
4,Repeated,IS,6,40106,40103,64,69,30,-0.30000001,1.1,0,22,1,3,China,3.5,1
4,Repeated,IS,7,40106,40103,51,72,40,-0.30000001,1.1,0,22,1,3,China,3.5,1
4,Repeated,IS,8,40106,40103,11,74,45,-0.30000001,1.1,0,22,1,3,China,3.5,1
4,Repeated,IS,9,40106,40103,27,59,25,-0.30000001,1.1,0,22,1,3,China,3.5,1
4,Repeated,IS,10,40106,40103,26,69,20,-0.30000001,1.1,0,22,1,3,China,3.5,1
4,Repeated,IS,11,40106,40103,58,78,30,-0.30000001,1.1,0,22,1,3,China,3.5,1
4,Repeated,IS,1,40107,40112,15,15,15,-10,0.19999981,0,27,1,4,India,6,7
4,Repeated,IS,2,40107,40112,35,35,30,-10,0.19999981,0,27,1,4,India,6,7
4,Repeated,IS,3,40107,40112,73,73,25,-10,0.19999981,0,27,1,4,India,6,7
4,Repeated,IS,4,40107,40112,70,70,50,-10,0.19999981,0,27,1,4,India,6,7
4,Repeated,IS,5,40107,40112,44,46,35,-10,0.19999981,0,27,1,4,India,6,7
4,Repeated,IS,6,40107,40112,64,66,50,-10,0.19999981,0,27,1,4,India,6,7
4,Repeated,IS,7,40107,40112,51,54,50,-10,0.19999981,0,27,1,4,India,6,7
4,Repeated,IS,8,40107,40112,11,11,30,-10,0.19999981,0,27,1,4,India,6,7
4,Repeated,IS,9,40107,40112,27,30,25,-10,0.19999981,0,27,1,4,India,6,7
4,Repeated,IS,10,40107,40112,26,40,35,-10,0.19999981,0,27,1,4,India,6,7
4,Repeated,IS,11,40107,40112,58,65,35,-10,0.19999981,0,27,1,4,India,6,7
4,Repeated,IS,1,40108,40104,15,24,30,-1.6,2.4000001,0,23,2,5,USA,23,8
4,Repeated,IS,2,40108,40104,35,50,25,-1.6,2.4000001,0,23,2,5,USA,23,8
4,Repeated,IS,3,40108,40104,73,80,30,-1.6,2.4000001,0,23,2,5,USA,23,8
4,Repeated,IS,4,40108,40104,70,77,40,-1.6,2.4000001,0,23,2,5,USA,23,8
4,Repeated,IS,5,40108,40104,44,65,55,-1.6,2.4000001,0,23,2,5,USA,23,8
4,Repeated,IS,6,40108,40104,64,75,40,-1.6,2.4000001,0,23,2,5,USA,23,8
4,Repeated,IS,7,40108,40104,51,80,50,-1.6,2.4000001,0,23,2,5,USA,23,8
4,Repeated,IS,8,40108,40104,11,70,40,-1.6,2.4000001,0,23,2,5,USA,23,8
4,Repeated,IS,9,40108,40104,27,67,30,-1.6,2.4000001,0,23,2,5,USA,23,8
4,Repeated,IS,10,40108,40104,26,66,25,-1.6,2.4000001,0,23,2,5,USA,23,8
4,Repeated,IS,11,40108,40104,58,68,20,-1.6,2.4000001,0,23,2,5,USA,23,8
4,Repeated,IS,1,40109,40102,15,78,35,2.0999999,-2.4000001,1,23,1,5,India,0.5,1
4,Repeated,IS,2,40109,40102,35,80,72,2.0999999,-2.4000001,1,23,1,5,India,0.5,1
4,Repeated,IS,3,40109,40102,73,75,5,2.0999999,-2.4000001,1,23,1,5,India,0.5,1
4,Repeated,IS,4,40109,40102,70,80,50,2.0999999,-2.4000001,1,23,1,5,India,0.5,1
4,Repeated,IS,5,40109,40102,44,68,40,2.0999999,-2.4000001,1,23,1,5,India,0.5,1
4,Repeated,IS,6,40109,40102,64,76,50,2.0999999,-2.4000001,1,23,1,5,India,0.5,1
4,Repeated,IS,7,40109,40102,51,60,50,2.0999999,-2.4000001,1,23,1,5,India,0.5,1
4,Repeated,IS,8,40109,40102,11,52,45,2.0999999,-2.4000001,1,23,1,5,India,0.5,1
4,Repeated,IS,9,40109,40102,27,60,30,2.0999999,-2.4000001,1,23,1,5,India,0.5,1
4,Repeated,IS,10,40109,40102,26,75,50,2.0999999,-2.4000001,1,23,1,5,India,0.5,1
4,Repeated,IS,11,40109,40102,58,70,35,2.0999999,-2.4000001,1,23,1,5,India,0.5,1
4,Repeated,IS,1,40110,40105,15,20,12,0.2,0,1,25,1,5,India,1,6
4,Repeated,IS,2,40110,40105,35,40,34,0.2,0,1,25,1,5,India,1,6
4,Repeated,IS,3,40110,40105,73,78,70,0.2,0,1,25,1,5,India,1,6
4,Repeated,IS,4,40110,40105,70,75,61,0.2,0,1,25,1,5,India,1,6
4,Repeated,IS,5,40110,40105,44,49,44,0.2,0,1,25,1,5,India,1,6
4,Repeated,IS,6,40110,40105,64,69,63,0.2,0,1,25,1,5,India,1,6
4,Repeated,IS,7,40110,40105,51,56,51,0.2,0,1,25,1,5,India,1,6
4,Repeated,IS,8,40110,40105,11,16,14,0.2,0,1,25,1,5,India,1,6
4,Repeated,IS,9,40110,40105,27,32,25,0.2,0,1,25,1,5,India,1,6
4,Repeated,IS,10,40110,40105,26,31,29,0.2,0,1,25,1,5,India,1,6
4,Repeated,IS,11,40110,40105,58,63,60,0.2,0,1,25,1,5,India,1,6
4,Repeated,IS,1,40201,40211,15,20,20,10.9,-0.30000019,1,20,1,3,Pakistan,10.5,1
4,Repeated,IS,2,40201,40211,35,50,30,10.9,-0.30000019,1,20,1,3,Pakistan,10.5,1
4,Repeated,IS,3,40201,40211,73,80,50,10.9,-0.30000019,1,20,1,3,Pakistan,10.5,1
4,Repeated,IS,4,40201,40211,70,75,46,10.9,-0.30000019,1,20,1,3,Pakistan,10.5,1
4,Repeated,IS,5,40201,40211,44,60,40,10.9,-0.30000019,1,20,1,3,Pakistan,10.5,1
4,Repeated,IS,6,40201,40211,64,70,40,10.9,-0.30000019,1,20,1,3,Pakistan,10.5,1
4,Repeated,IS,7,40201,40211,51,61,45,10.9,-0.30000019,1,20,1,3,Pakistan,10.5,1
4,Repeated,IS,8,40201,40211,11,19,15,10.9,-0.30000019,1,20,1,3,Pakistan,10.5,1
4,Repeated,IS,9,40201,40211,27,35,17,10.9,-0.30000019,1,20,1,3,Pakistan,10.5,1
4,Repeated,IS,10,40201,40211,26,29,20,10.9,-0.30000019,1,20,1,3,Pakistan,10.5,1
4,Repeated,IS,11,40201,40211,58,72,52,10.9,-0.30000019,1,20,1,3,Pakistan,10.5,1
4,Repeated,IS,1,40206,40203,15,25,20,-18.700001,6.8000002,0,20,1,3,USA,20,1
4,Repeated,IS,2,40206,40203,35,49,35,-18.700001,6.8000002,0,20,1,3,USA,20,1
4,Repeated,IS,3,40206,40203,73,77,37,-18.700001,6.8000002,0,20,1,3,USA,20,1
4,Repeated,IS,4,40206,40203,70,72,40,-18.700001,6.8000002,0,20,1,3,USA,20,1
4,Repeated,IS,5,40206,40203,44,56,25,-18.700001,6.8000002,0,20,1,3,USA,20,1
4,Repeated,IS,6,40206,40203,64,71,37,-18.700001,6.8000002,0,20,1,3,USA,20,1
4,Repeated,IS,7,40206,40203,51,74,38,-18.700001,6.8000002,0,20,1,3,USA,20,1
4,Repeated,IS,8,40206,40203,11,23,10,-18.700001,6.8000002,0,20,1,3,USA,20,1
4,Repeated,IS,9,40206,40203,27,40,15,-18.700001,6.8000002,0,20,1,3,USA,20,1
4,Repeated,IS,10,40206,40203,26,40,13,-18.700001,6.8000002,0,20,1,3,USA,20,1
4,Repeated,IS,11,40206,40203,58,70,40,-18.700001,6.8000002,0,20,1,3,USA,20,1
4,Repeated,IS,1,40207,40212,15,65,55,-0.5,9.5,1,21,2,4,USA,21,5
4,Repeated,IS,2,40207,40212,35,73,45,-0.5,9.5,1,21,2,4,USA,21,5
4,Repeated,IS,3,40207,40212,73,65,45,-0.5,9.5,1,21,2,4,USA,21,5
4,Repeated,IS,4,40207,40212,70,76,45,-0.5,9.5,1,21,2,4,USA,21,5
4,Repeated,IS,5,40207,40212,44,24,24,-0.5,9.5,1,21,2,4,USA,21,5
4,Repeated,IS,6,40207,40212,64,14,14,-0.5,9.5,1,21,2,4,USA,21,5
4,Repeated,IS,7,40207,40212,51,76,45,-0.5,9.5,1,21,2,4,USA,21,5
4,Repeated,IS,8,40207,40212,11,68,45,-0.5,9.5,1,21,2,4,USA,21,5
4,Repeated,IS,9,40207,40212,27,73,45,-0.5,9.5,1,21,2,4,USA,21,5
4,Repeated,IS,10,40207,40212,26,76,45,-0.5,9.5,1,21,2,4,USA,21,5
4,Repeated,IS,11,40207,40212,58,70,45,-0.5,9.5,1,21,2,4,USA,21,5
4,Repeated,IS,1,40208,40204,15,25,15,-6.6999998,-0.30000019,0,21,1,5,USA,4,1
4,Repeated,IS,2,40208,40204,35,50,44,-6.6999998,-0.30000019,0,21,1,5,USA,4,1
4,Repeated,IS,3,40208,40204,73,80,60,-6.6999998,-0.30000019,0,21,1,5,USA,4,1
4,Repeated,IS,4,40208,40204,70,79,60,-6.6999998,-0.30000019,0,21,1,5,USA,4,1
4,Repeated,IS,5,40208,40204,44,60,45,-6.6999998,-0.30000019,0,21,1,5,USA,4,1
4,Repeated,IS,6,40208,40204,64,76,45,-6.6999998,-0.30000019,0,21,1,5,USA,4,1
4,Repeated,IS,7,40208,40204,51,79,45,-6.6999998,-0.30000019,0,21,1,5,USA,4,1
4,Repeated,IS,8,40208,40204,11,79,45,-6.6999998,-0.30000019,0,21,1,5,USA,4,1
4,Repeated,IS,9,40208,40204,27,60,15,-6.6999998,-0.30000019,0,21,1,5,USA,4,1
4,Repeated,IS,10,40208,40204,26,55,15,-6.6999998,-0.30000019,0,21,1,5,USA,4,1
4,Repeated,IS,11,40208,40204,58,78,15,-6.6999998,-0.30000019,0,21,1,5,USA,4,1
4,Repeated,IS,1,40209,40202,15,15,0,2.7,-3.3,1,20,1,3,USA,20,1
4,Repeated,IS,2,40209,40202,35,35,35,2.7,-3.3,1,20,1,3,USA,20,1
4,Repeated,IS,3,40209,40202,73,74,74,2.7,-3.3,1,20,1,3,USA,20,1
4,Repeated,IS,4,40209,40202,70,71,71,2.7,-3.3,1,20,1,3,USA,20,1
4,Repeated,IS,5,40209,40202,44,45,45,2.7,-3.3,1,20,1,3,USA,20,1
4,Repeated,IS,6,40209,40202,64,65,65,2.7,-3.3,1,20,1,3,USA,20,1
4,Repeated,IS,7,40209,40202,51,52,52,2.7,-3.3,1,20,1,3,USA,20,1
4,Repeated,IS,8,40209,40202,11,11,11,2.7,-3.3,1,20,1,3,USA,20,1
4,Repeated,IS,9,40209,40202,27,27,27,2.7,-3.3,1,20,1,3,USA,20,1
4,Repeated,IS,10,40209,40202,26,26,26,2.7,-3.3,1,20,1,3,USA,20,1
4,Repeated,IS,11,40209,40202,58,60,60,2.7,-3.3,1,20,1,3,USA,20,1
4,Repeated,IS,1,40210,40205,15,25,22,-4.6999998,0.79999995,1,21,2,3,Vietnam,8,4
4,Repeated,IS,2,40210,40205,35,46,43,-4.6999998,0.79999995,1,21,2,3,Vietnam,8,4
4,Repeated,IS,3,40210,40205,73,78,73,-4.6999998,0.79999995,1,21,2,3,Vietnam,8,4
4,Repeated,IS,4,40210,40205,70,78,65,-4.6999998,0.79999995,1,21,2,3,Vietnam,8,4
4,Repeated,IS,5,40210,40205,44,62,59,-4.6999998,0.79999995,1,21,2,3,Vietnam,8,4
4,Repeated,IS,6,40210,40205,64,74,55,-4.6999998,0.79999995,1,21,2,3,Vietnam,8,4
4,Repeated,IS,7,40210,40205,51,68,53,-4.6999998,0.79999995,1,21,2,3,Vietnam,8,4
4,Repeated,IS,8,40210,40205,11,57,42,-4.6999998,0.79999995,1,21,2,3,Vietnam,8,4
4,Repeated,IS,9,40210,40205,27,51,30,-4.6999998,0.79999995,1,21,2,3,Vietnam,8,4
4,Repeated,IS,10,40210,40205,26,46,26,-4.6999998,0.79999995,1,21,2,3,Vietnam,8,4
4,Repeated,IS,11,40210,40205,58,73,45,-4.6999998,0.79999995,1,21,2,3,Vietnam,8,4
5,Repeated,AP,1,50101,50111,15,18,18,0,3.8,1,29,2,4,USA,28,9
5,Repeated,AP,2,50101,50111,35,58,58,0,3.8,1,29,2,4,USA,28,9
5,Repeated,AP,3,50101,50111,73,100,45,0,3.8,1,29,2,4,USA,28,9
5,Repeated,AP,4,50101,50111,70,65,45,0,3.8,1,29,2,4,USA,28,9
5,Repeated,AP,5,50101,50111,44,60,45,0,3.8,1,29,2,4,USA,28,9
5,Repeated,AP,6,50101,50111,64,95,45,0,3.8,1,29,2,4,USA,28,9
5,Repeated,AP,7,50101,50111,51,48,45,0,3.8,1,29,2,4,USA,28,9
5,Repeated,AP,8,50101,50111,11,12,12,0,3.8,1,29,2,4,USA,28,9
5,Repeated,AP,9,50101,50111,27,42,42,0,3.8,1,29,2,4,USA,28,9
5,Repeated,AP,10,50101,50111,26,38,38,0,3.8,1,29,2,4,USA,28,9
5,Repeated,AP,11,50101,50111,58,48,48,0,3.8,1,29,2,4,USA,28,9
5,Repeated,AP,1,50106,50103,15,8,8,0.89999998,0.5,1,21,3,4,India,13,1
5,Repeated,AP,2,50106,50103,35,39,38,0.89999998,0.5,1,21,3,4,India,13,1
5,Repeated,AP,3,50106,50103,73,81,78,0.89999998,0.5,1,21,3,4,India,13,1
5,Repeated,AP,4,50106,50103,70,76,72,0.89999998,0.5,1,21,3,4,India,13,1
5,Repeated,AP,5,50106,50103,44,49,45,0.89999998,0.5,1,21,3,4,India,13,1
5,Repeated,AP,6,50106,50103,64,72,66,0.89999998,0.5,1,21,3,4,India,13,1
5,Repeated,AP,7,50106,50103,51,60,50,0.89999998,0.5,1,21,3,4,India,13,1
5,Repeated,AP,8,50106,50103,11,2,12,0.89999998,0.5,1,21,3,4,India,13,1
5,Repeated,AP,9,50106,50103,27,33,24,0.89999998,0.5,1,21,3,4,India,13,1
5,Repeated,AP,10,50106,50103,26,32,26,0.89999998,0.5,1,21,3,4,India,13,1
5,Repeated,AP,11,50106,50103,58,68,60,0.89999998,0.5,1,21,3,4,India,13,1
5,Repeated,AP,1,50107,50112,15,15,16,2.0999999,-6.8000002,1,23,1,4,USA,23,5
5,Repeated,AP,2,50107,50112,35,36,38,2.0999999,-6.8000002,1,23,1,4,USA,23,5
5,Repeated,AP,3,50107,50112,73,80,78,2.0999999,-6.8000002,1,23,1,4,USA,23,5
5,Repeated,AP,4,50107,50112,70,85,76,2.0999999,-6.8000002,1,23,1,4,USA,23,5
5,Repeated,AP,5,50107,50112,44,50,50,2.0999999,-6.8000002,1,23,1,4,USA,23,5
5,Repeated,AP,6,50107,50112,64,75,68,2.0999999,-6.8000002,1,23,1,4,USA,23,5
5,Repeated,AP,7,50107,50112,51,60,52,2.0999999,-6.8000002,1,23,1,4,USA,23,5
5,Repeated,AP,8,50107,50112,11,2,2,2.0999999,-6.8000002,1,23,1,4,USA,23,5
5,Repeated,AP,9,50107,50112,27,30,27,2.0999999,-6.8000002,1,23,1,4,USA,23,5
5,Repeated,AP,10,50107,50112,26,30,31,2.0999999,-6.8000002,1,23,1,4,USA,23,5
5,Repeated,AP,11,50107,50112,58,65,63,2.0999999,-6.8000002,1,23,1,4,USA,23,5
5,Repeated,AP,1,50108,50104,15,5,23,2,-9,0,21,1,4,USA,21,3
5,Repeated,AP,2,50108,50104,35,25,30,2,-9,0,21,1,4,USA,21,3
5,Repeated,AP,3,50108,50104,73,63,30,2,-9,0,21,1,4,USA,21,3
5,Repeated,AP,4,50108,50104,70,60,30,2,-9,0,21,1,4,USA,21,3
5,Repeated,AP,5,50108,50104,44,34,27,2,-9,0,21,1,4,USA,21,3
5,Repeated,AP,6,50108,50104,64,55,33,2,-9,0,21,1,4,USA,21,3
5,Repeated,AP,7,50108,50104,51,41,25,2,-9,0,21,1,4,USA,21,3
5,Repeated,AP,8,50108,50104,11,1,30,2,-9,0,21,1,4,USA,21,3
5,Repeated,AP,9,50108,50104,27,17,20,2,-9,0,21,1,4,USA,21,3
5,Repeated,AP,10,50108,50104,26,16,16,2,-9,0,21,1,4,USA,21,3
5,Repeated,AP,11,50108,50104,58,48,33,2,-9,0,21,1,4,USA,21,3
5,Repeated,AP,1,50109,50102,15,15,15,0,0.2,0,21,1,3,Taiwan,10,3
5,Repeated,AP,2,50109,50102,35,45,45,0,0.2,0,21,1,3,Taiwan,10,3
5,Repeated,AP,3,50109,50102,73,113,75,0,0.2,0,21,1,3,Taiwan,10,3
5,Repeated,AP,4,50109,50102,70,100,90,0,0.2,0,21,1,3,Taiwan,10,3
5,Repeated,AP,5,50109,50102,44,50,49,0,0.2,0,21,1,3,Taiwan,10,3
5,Repeated,AP,6,50109,50102,64,84,84,0,0.2,0,21,1,3,Taiwan,10,3
5,Repeated,AP,7,50109,50102,51,61,61,0,0.2,0,21,1,3,Taiwan,10,3
5,Repeated,AP,8,50109,50102,11,12,12,0,0.2,0,21,1,3,Taiwan,10,3
5,Repeated,AP,9,50109,50102,27,28,15,0,0.2,0,21,1,3,Taiwan,10,3
5,Repeated,AP,10,50109,50102,26,27,27,0,0.2,0,21,1,3,Taiwan,10,3
5,Repeated,AP,11,50109,50102,58,75,75,0,0.2,0,21,1,3,Taiwan,10,3
5,Repeated,AP,1,50110,50105,15,55,33,-3.0999999,8.1999998,1,26,1,6,India,7,1
5,Repeated,AP,2,50110,50105,35,68,30,-3.0999999,8.1999998,1,26,1,6,India,7,1
5,Repeated,AP,3,50110,50105,73,120,30,-3.0999999,8.1999998,1,26,1,6,India,7,1
5,Repeated,AP,4,50110,50105,70,90,30,-3.0999999,8.1999998,1,26,1,6,India,7,1
5,Repeated,AP,5,50110,50105,44,60,30,-3.0999999,8.1999998,1,26,1,6,India,7,1
5,Repeated,AP,6,50110,50105,64,60,30,-3.0999999,8.1999998,1,26,1,6,India,7,1
5,Repeated,AP,7,50110,50105,51,1,10,-3.0999999,8.1999998,1,26,1,6,India,7,1
5,Repeated,AP,8,50110,50105,11,90,30,-3.0999999,8.1999998,1,26,1,6,India,7,1
5,Repeated,AP,9,50110,50105,27,40,30,-3.0999999,8.1999998,1,26,1,6,India,7,1
5,Repeated,AP,10,50110,50105,26,36,30,-3.0999999,8.1999998,1,26,1,6,India,7,1
5,Repeated,AP,11,50110,50105,58,58,30,-3.0999999,8.1999998,1,26,1,6,India,7,1
5,Repeated,AP,1,50201,50211,15,15,18,2,1.3,1,23,1,5,India,0.5,1
5,Repeated,AP,2,50201,50211,35,34,30,2,1.3,1,23,1,5,India,0.5,1
5,Repeated,AP,3,50201,50211,73,75,50,2,1.3,1,23,1,5,India,0.5,1
5,Repeated,AP,4,50201,50211,70,74,65,2,1.3,1,23,1,5,India,0.5,1
5,Repeated,AP,5,50201,50211,44,60,53,2,1.3,1,23,1,5,India,0.5,1
5,Repeated,AP,6,50201,50211,64,78,40,2,1.3,1,23,1,5,India,0.5,1
5,Repeated,AP,7,50201,50211,51,58,50,2,1.3,1,23,1,5,India,0.5,1
5,Repeated,AP,8,50201,50211,11,15,12,2,1.3,1,23,1,5,India,0.5,1
5,Repeated,AP,9,50201,50211,27,30,18,2,1.3,1,23,1,5,India,0.5,1
5,Repeated,AP,10,50201,50211,26,29,25,2,1.3,1,23,1,5,India,0.5,1
5,Repeated,AP,11,50201,50211,58,62,55,2,1.3,1,23,1,5,India,0.5,1
5,Repeated,AP,1,50206,50203,15,20,15,-2.8,3,1,22,1,5,India,1,1
5,Repeated,AP,2,50206,50203,35,40,37,-2.8,3,1,22,1,5,India,1,1
5,Repeated,AP,3,50206,50203,73,77,77,-2.8,3,1,22,1,5,India,1,1
5,Repeated,AP,4,50206,50203,70,72,69,-2.8,3,1,22,1,5,India,1,1
5,Repeated,AP,5,50206,50203,44,47,47,-2.8,3,1,22,1,5,India,1,1
5,Repeated,AP,6,50206,50203,64,67,64,-2.8,3,1,22,1,5,India,1,1
5,Repeated,AP,7,50206,50203,51,54,52,-2.8,3,1,22,1,5,India,1,1
5,Repeated,AP,8,50206,50203,11,15,13,-2.8,3,1,22,1,5,India,1,1
5,Repeated,AP,9,50206,50203,27,27,25,-2.8,3,1,22,1,5,India,1,1
5,Repeated,AP,10,50206,50203,26,30,30,-2.8,3,1,22,1,5,India,1,1
5,Repeated,AP,11,50206,50203,58,60,60,-2.8,3,1,22,1,5,India,1,1
5,Repeated,AP,1,50207,50212,15,35,35,0.2,0.40000004,1,21,2,5,USA,21,1
5,Repeated,AP,2,50207,50212,35,60,50,0.2,0.40000004,1,21,2,5,USA,21,1
5,Repeated,AP,3,50207,50212,73,120,60,0.2,0.40000004,1,21,2,5,USA,21,1
5,Repeated,AP,4,50207,50212,70,120,50,0.2,0.40000004,1,21,2,5,USA,21,1
5,Repeated,AP,5,50207,50212,44,80,50,0.2,0.40000004,1,21,2,5,USA,21,1
5,Repeated,AP,6,50207,50212,64,110,0,0.2,0.40000004,1,21,2,5,USA,21,1
5,Repeated,AP,7,50207,50212,51,100,0,0.2,0.40000004,1,21,2,5,USA,21,1
5,Repeated,AP,8,50207,50212,11,35,30,0.2,0.40000004,1,21,2,5,USA,21,1
5,Repeated,AP,9,50207,50212,27,50,1,0.2,0.40000004,1,21,2,5,USA,21,1
5,Repeated,AP,10,50207,50212,26,45,30,0.2,0.40000004,1,21,2,5,USA,21,1
5,Repeated,AP,11,50207,50212,58,80,40,0.2,0.40000004,1,21,2,5,USA,21,1
5,Repeated,AP,1,50208,50204,15,9,9,9.3000002,-8.8000002,1,23,1,4,USA,23,10
5,Repeated,AP,2,50208,50204,35,40,41,9.3000002,-8.8000002,1,23,1,4,USA,23,10
5,Repeated,AP,3,50208,50204,73,120,120,9.3000002,-8.8000002,1,23,1,4,USA,23,10
5,Repeated,AP,4,50208,50204,70,100,60,9.3000002,-8.8000002,1,23,1,4,USA,23,10
5,Repeated,AP,5,50208,50204,44,100,40,9.3000002,-8.8000002,1,23,1,4,USA,23,10
5,Repeated,AP,6,50208,50204,64,180,78,9.3000002,-8.8000002,1,23,1,4,USA,23,10
5,Repeated,AP,7,50208,50204,51,180,35,9.3000002,-8.8000002,1,23,1,4,USA,23,10
5,Repeated,AP,8,50208,50204,11,100,75,9.3000002,-8.8000002,1,23,1,4,USA,23,10
5,Repeated,AP,9,50208,50204,27,20,10,9.3000002,-8.8000002,1,23,1,4,USA,23,10
5,Repeated,AP,10,50208,50204,26,30,40,9.3000002,-8.8000002,1,23,1,4,USA,23,10
5,Repeated,AP,11,50208,50204,58,100,40,9.3000002,-8.8000002,1,23,1,4,USA,23,10
5,Repeated,AP,1,50209,50202,15,15,15,0.30000001,0.19999999,1,21,1,3,USA,21,12
5,Repeated,AP,2,50209,50202,35,35,35,0.30000001,0.19999999,1,21,1,3,USA,21,12
5,Repeated,AP,3,50209,50202,73,75,60,0.30000001,0.19999999,1,21,1,3,USA,21,12
5,Repeated,AP,4,50209,50202,70,80,50,0.30000001,0.19999999,1,21,1,3,USA,21,12
5,Repeated,AP,5,50209,50202,44,80,80,0.30000001,0.19999999,1,21,1,3,USA,21,12
5,Repeated,AP,6,50209,50202,64,80,30,0.30000001,0.19999999,1,21,1,3,USA,21,12
5,Repeated,AP,7,50209,50202,51,61,61,0.30000001,0.19999999,1,21,1,3,USA,21,12
5,Repeated,AP,8,50209,50202,11,15,10,0.30000001,0.19999999,1,21,1,3,USA,21,12
5,Repeated,AP,9,50209,50202,27,37,10,0.30000001,0.19999999,1,21,1,3,USA,21,12
5,Repeated,AP,10,50209,50202,26,36,15,0.30000001,0.19999999,1,21,1,3,USA,21,12
5,Repeated,AP,11,50209,50202,58,68,30,0.30000001,0.19999999,1,21,1,3,USA,21,12
5,Repeated,AP,1,50210,50205,15,11,10,-7.0999999,-2.0999999,0,21,1,4,USA,21,12
5,Repeated,AP,2,50210,50205,35,46,46,-7.0999999,-2.0999999,0,21,1,4,USA,21,12
5,Repeated,AP,3,50210,50205,73,80,81,-7.0999999,-2.0999999,0,21,1,4,USA,21,12
5,Repeated,AP,4,50210,50205,70,80,79,-7.0999999,-2.0999999,0,21,1,4,USA,21,12
5,Repeated,AP,5,50210,50205,44,51,50,-7.0999999,-2.0999999,0,21,1,4,USA,21,12
5,Repeated,AP,6,50210,50205,64,72,65,-7.0999999,-2.0999999,0,21,1,4,USA,21,12
5,Repeated,AP,7,50210,50205,51,60,50,-7.0999999,-2.0999999,0,21,1,4,USA,21,12
5,Repeated,AP,8,50210,50205,11,10,13,-7.0999999,-2.0999999,0,21,1,4,USA,21,12
5,Repeated,AP,9,50210,50205,27,30,25,-7.0999999,-2.0999999,0,21,1,4,USA,21,12
5,Repeated,AP,10,50210,50205,26,40,35,-7.0999999,-2.0999999,0,21,1,4,USA,21,12
5,Repeated,AP,11,50210,50205,58,70,60,-7.0999999,-2.0999999,0,21,1,4,USA,21,12
